Cliente,Calle,Ciudad,Latitud,Longitud,Pedido,Telefono,Folio,Tipo
HOMERO XIMENEZ-GONZALEZ,AV CEMIHCAC 341,COLIMA,19.254049,-103.727724,DONA ROSQUILLA,555-149,SIM1000,CLIENTE
MARGE XIMENEZ-GONZALEZ,CALLE CEMPAZUCHITL 84,GUADALAJARA,20.681311,-103.353741,POLLO ROSTIZADO,555-696,SIM1001,CLIENTE
BARTO XIMENEZ-GONZALEZ,CALLE YOLOTL 69,MONTERREY,25.696433,-100.322947,PIZZA PERSONAL,555-188,SIM1002,CLIENTE
LISA XIMENEZ-GONZALEZ,CALLE CITLALLI 454,CDMX,19.430636,-99.139424,ENSALADA,555-664,SIM1003,CLIENTE
NED FLANDEZ,CALLE XOCHITL 444,MERIDA,20.956819,-89.591029,PAN INTEGRAL,555-328,SIM1004,CLIENTE
BERNARDO GOMEZ,AV CEMIHCAC 655,PUEBLA,19.044458,-98.195555,HAMBURGUESA DOBLE,555-690,SIM1005,CLIENTE
MAURICIO SOSA,CALLE CEMPAZUCHITL 609,COLIMA,19.24082,-103.71377,BOTANAS,555-147,SIM1006,CLIENTE
KENT BROCHEZ,CALLE YOLOTL 580,GUADALAJARA,20.682203,-103.349049,PIZZA QUESO,555-247,SIM1007,CLIENTE
JEFE GORGORI-PEREZ,CALLE CITLALLI 563,MONTERREY,25.677427,-100.320696,DESPENSA,555-935,SIM1008,CLIENTE
APOLONIO NAHANA,CALLE XOCHITL 708,CDMX,19.424937,-99.131242,SUSHI,555-754,SIM1009,CLIENTE
BURGUER BASE 1 (TODO-Maps: pinzar coordenada real),BASE 1,COLIMA,19.245,-103.723,-,555-000000,SIM-B1,BASE
BURGUER BASE 2 (TODO-Maps: pinzar coordenada real),BASE 2,COLIMA,19.2415,-103.7275,-,555-000000,SIM-B2,BASE
